Location,lat,lng,Mission,Level 1,Type,Strength,Target,Level 2,Incidents,Incidents on Mission,Date,Congo-Sexual Violence or Rape Incidents,Congo - All Other Incidents,ISO-Code3,ISO-Code2,Country Name
Almoustarat,17.3666667,0.0872222,MINUSMA,Host State Presence,FAMa,1,NULL,NULL,NULL,NULL,NULL,NULL,NULL,MLI,ML,Mali
Almoustarat,17.3666667,0.0872222,MINUSMA,Host State Presence,FAMa,1,NULL,NULL,NULL,NULL,NULL,NULL,NULL,MLI,ML,Mali
Almoustarat,17.3666667,0.0872222,MINUSMA,Host State Presence,FAMa,1,NULL,NULL,NULL,NULL,NULL,NULL,NULL,MLI,ML,Mali
Almoustarat,17.3666667,0.0872222,MINUSMA,Host State Presence,FAMa,1,NULL,NULL,NULL,NULL,NULL,NULL,NULL,MLI,ML,Mali
Almoustarat,17.3666667,0.0872222,MINUSMA,Host State Presence,FAMa,1,NULL,NULL,NULL,NULL,NULL,NULL,NULL,MLI,ML,Mali
Anderamboucane,15.4283333,3.0183333,MINUSMA,Host State Presence,FAMa,1,NULL,NULL,NULL,NULL,NULL,NULL,NULL,MLI,ML,Mali
Anderamboucane,15.4283333,3.0183333,MINUSMA,Host State Presence,FAMa,1,NULL,NULL,NULL,NULL,NULL,NULL,NULL,MLI,ML,Mali
Anderamboucane,15.4283333,3.0183333,MINUSMA,Host State Presence,FAMa,1,NULL,NULL,NULL,NULL,NULL,NULL,NULL,MLI,ML,Mali
Anderamboucane,15.4283333,3.0183333,MINUSMA,Host State Presence,FAMa,1,NULL,NULL,NULL,NULL,NULL,NULL,NULL,MLI,ML,Mali
Anderamboucane,15.4283333,3.0183333,MINUSMA,Host State Presence,FAMa,1,NULL,NULL,NULL,NULL,NULL,NULL,NULL,MLI,ML,Mali
Ansongo,15.6594444,0.5016667,MINUSMA,Host State Presence,FAMa,1,NULL,NULL,NULL,NULL,NULL,NULL,NULL,MLI,ML,Mali
Ansongo,15.6594444,0.5016667,MINUSMA,Host State Presence,FAMa,1,NULL,NULL,NULL,NULL,NULL,NULL,NULL,MLI,ML,Mali
Ansongo,15.6594444,0.5016667,MINUSMA,Host State Presence,FAMa,1,NULL,NULL,NULL,NULL,NULL,NULL,NULL,MLI,ML,Mali
Ansongo,15.6594444,0.5016667,MINUSMA,Host State Presence,FAMa,1,NULL,NULL,NULL,NULL,NULL,NULL,NULL,MLI,ML,Mali
Ansongo,15.6594444,0.5016667,MINUSMA,Host State Presence,FAMa,1,NULL,NULL,NULL,NULL,NULL,NULL,NULL,MLI,ML,Mali
Bamba,10.3833333,-7.1499999,MINUSMA,Host State Presence,FAMa,1,NULL,NULL,NULL,NULL,NULL,NULL,NULL,MLI,ML,Mali
Bamba,10.3833333,-7.1499999,MINUSMA,Host State Presence,FAMa,1,NULL,NULL,NULL,NULL,NULL,NULL,NULL,MLI,ML,Mali
Bamba,10.3833333,-7.1499999,MINUSMA,Host State Presence,FAMa,1,NULL,NULL,NULL,NULL,NULL,NULL,NULL,MLI,ML,Mali
Bamba,10.3833333,-7.1499999,MINUSMA,Host State Presence,FAMa,1,NULL,NULL,NULL,NULL,NULL,NULL,NULL,MLI,ML,Mali
Bamba,10.3833333,-7.1499999,MINUSMA,Host State Presence,FAMa,1,NULL,NULL,NULL,NULL,NULL,NULL,NULL,MLI,ML,Mali
Bambara Maoude,15.85,-2.7833332,MINUSMA,Host State Presence,FAMa,1,NULL,NULL,NULL,NULL,NULL,NULL,NULL,MLI,ML,Mali
Bambara Maoude,15.85,-2.7833332,MINUSMA,Host State Presence,FAMa,1,NULL,NULL,NULL,NULL,NULL,NULL,NULL,MLI,ML,Mali
Bambara Maoude,15.85,-2.7833332,MINUSMA,Host State Presence,FAMa,1,NULL,NULL,NULL,NULL,NULL,NULL,NULL,MLI,ML,Mali
Bambara Maoude,15.85,-2.7833332,MINUSMA,Host State Presence,FAMa,1,NULL,NULL,NULL,NULL,NULL,NULL,NULL,MLI,ML,Mali
Bambara Maoude,15.85,-2.7833332,MINUSMA,Host State Presence,FAMa,1,NULL,NULL,NULL,NULL,NULL,NULL,NULL,MLI,ML,Mali
Batal,16.3730556,-0.0102777,MINUSMA,Host State Presence,FAMa,1,NULL,NULL,NULL,NULL,NULL,NULL,NULL,MLI,ML,Mali
Batal,16.3730556,-0.0102777,MINUSMA,Host State Presence,FAMa,1,NULL,NULL,NULL,NULL,NULL,NULL,NULL,MLI,ML,Mali
Batal,16.3730556,-0.0102777,MINUSMA,Host State Presence,FAMa,1,NULL,NULL,NULL,NULL,NULL,NULL,NULL,MLI,ML,Mali
Batal,16.3730556,-0.0102777,MINUSMA,Host State Presence,FAMa,1,NULL,NULL,NULL,NULL,NULL,NULL,NULL,MLI,ML,Mali
Batal,16.3730556,-0.0102777,MINUSMA,Host State Presence,FAMa,1,NULL,NULL,NULL,NULL,NULL,NULL,NULL,MLI,ML,Mali
Bitangoungou,16.7333333,-3.7333332,MINUSMA,Host State Presence,FAMa,1,NULL,NULL,NULL,NULL,NULL,NULL,NULL,MLI,ML,Mali
Bitangoungou,16.7333333,-3.7333332,MINUSMA,Host State Presence,FAMa,1,NULL,NULL,NULL,NULL,NULL,NULL,NULL,MLI,ML,Mali
Bitangoungou,16.7333333,-3.7333332,MINUSMA,Host State Presence,FAMa,1,NULL,NULL,NULL,NULL,NULL,NULL,NULL,MLI,ML,Mali
Bitangoungou,16.7333333,-3.7333332,MINUSMA,Host State Presence,FAMa,1,NULL,NULL,NULL,NULL,NULL,NULL,NULL,MLI,ML,Mali
Bitangoungou,16.7333333,-3.7333332,MINUSMA,Host State Presence,FAMa,1,NULL,NULL,NULL,NULL,NULL,NULL,NULL,MLI,ML,Mali
Boni,13.4,-9.9833332,MINUSMA,Host State Presence,FAMa,1,NULL,NULL,NULL,NULL,NULL,NULL,NULL,MLI,ML,Mali
Boni,13.4,-9.9833332,MINUSMA,Host State Presence,FAMa,1,NULL,NULL,NULL,NULL,NULL,NULL,NULL,MLI,ML,Mali
Boni,13.4,-9.9833332,MINUSMA,Host State Presence,FAMa,1,NULL,NULL,NULL,NULL,NULL,NULL,NULL,MLI,ML,Mali
Boni,13.4,-9.9833332,MINUSMA,Host State Presence,FAMa,1,NULL,NULL,NULL,NULL,NULL,NULL,NULL,MLI,ML,Mali
Boni,13.4,-9.9833332,MINUSMA,Host State Presence,FAMa,1,NULL,NULL,NULL,NULL,NULL,NULL,NULL,MLI,ML,Mali
Boughessa,19.8486111,1.7636111,MINUSMA,Host State Presence,FAMa,1,NULL,NULL,NULL,NULL,NULL,NULL,NULL,MLI,ML,Mali
Boughessa,19.8486111,1.7636111,MINUSMA,Host State Presence,FAMa,1,NULL,NULL,NULL,NULL,NULL,NULL,NULL,MLI,ML,Mali
Boughessa,19.8486111,1.7636111,MINUSMA,Host State Presence,FAMa,1,NULL,NULL,NULL,NULL,NULL,NULL,NULL,MLI,ML,Mali
Boughessa,19.8486111,1.7636111,MINUSMA,Host State Presence,FAMa,1,NULL,NULL,NULL,NULL,NULL,NULL,NULL,MLI,ML,Mali
Boughessa,19.8486111,1.7636111,MINUSMA,Host State Presence,FAMa,1,NULL,NULL,NULL,NULL,NULL,NULL,NULL,MLI,ML,Mali
Bourem,16.9,-0.34,MINUSMA,Host State Presence,FAMa,1,NULL,NULL,NULL,NULL,NULL,NULL,NULL,MLI,ML,Mali
Bourem,16.90037539,-0.349989259,MINUSMA,Host State Presence,FAMa,1,NULL,NULL,NULL,NULL,NULL,NULL,NULL,MLI,ML,Mali
Bourem,16.9,-0.34,MINUSMA,Host State Presence,FAMa,1,NULL,NULL,NULL,NULL,NULL,NULL,NULL,MLI,ML,Mali
Bourem,16.9,-0.34,MINUSMA,Host State Presence,FAMa,1,NULL,NULL,NULL,NULL,NULL,NULL,NULL,MLI,ML,Mali
Bourem,16.90037539,-0.349989259,MINUSMA,Host State Presence,FAMa,1,NULL,NULL,NULL,NULL,NULL,NULL,NULL,MLI,ML,Mali
Bourem,16.90037539,-0.349989259,MINUSMA,Host State Presence,FAMa,1,NULL,NULL,NULL,NULL,NULL,NULL,NULL,MLI,ML,Mali
Bourem,16.9,-0.34,MINUSMA,Host State Presence,FAMa,1,NULL,NULL,NULL,NULL,NULL,NULL,NULL,MLI,ML,Mali
Bourem,16.9,-0.34,MINUSMA,Host State Presence,FAMa,1,NULL,NULL,NULL,NULL,NULL,NULL,NULL,MLI,ML,Mali
Bourem,16.90037539,-0.349989259,MINUSMA,Host State Presence,FAMa,1,NULL,NULL,NULL,NULL,NULL,NULL,NULL,MLI,ML,Mali
Diabaly,14.6833333,-6.0166666,MINUSMA,Host State Presence,FAMa,1,NULL,NULL,NULL,NULL,NULL,NULL,NULL,MLI,ML,Mali
Diabaly,14.6833333,-6.0166666,MINUSMA,Host State Presence,FAMa,1,NULL,NULL,NULL,NULL,NULL,NULL,NULL,MLI,ML,Mali
Diabaly,14.6833333,-6.0166666,MINUSMA,Host State Presence,FAMa,1,NULL,NULL,NULL,NULL,NULL,NULL,NULL,MLI,ML,Mali
Diabaly,14.6833333,-6.0166666,MINUSMA,Host State Presence,FAMa,1,NULL,NULL,NULL,NULL,NULL,NULL,NULL,MLI,ML,Mali
Diabaly,14.6833333,-6.0166666,MINUSMA,Host State Presence,FAMa,1,NULL,NULL,NULL,NULL,NULL,NULL,NULL,MLI,ML,Mali
Dire,12.1666667,-11.0833332,MINUSMA,Host State Presence,FAMa,1,NULL,NULL,NULL,NULL,NULL,NULL,NULL,MLI,ML,Mali
Dire,12.1666667,-11.0833332,MINUSMA,Host State Presence,FAMa,1,NULL,NULL,NULL,NULL,NULL,NULL,NULL,MLI,ML,Mali
Dire,12.1666667,-11.0833332,MINUSMA,Host State Presence,FAMa,1,NULL,NULL,NULL,NULL,NULL,NULL,NULL,MLI,ML,Mali
Dire,12.1666667,-11.0833332,MINUSMA,Host State Presence,FAMa,1,NULL,NULL,NULL,NULL,NULL,NULL,NULL,MLI,ML,Mali
Dire,12.1666667,-11.0833332,MINUSMA,Host State Presence,FAMa,1,NULL,NULL,NULL,NULL,NULL,NULL,NULL,MLI,ML,Mali
Duentza,15,-2.9499999,MINUSMA,Host State Presence,FAMa,1,NULL,NULL,NULL,NULL,NULL,NULL,NULL,MLI,ML,Mali
Duentza,15,-2.9499999,MINUSMA,Host State Presence,FAMa,1,NULL,NULL,NULL,NULL,NULL,NULL,NULL,MLI,ML,Mali
Duentza,15,-2.9499999,MINUSMA,Host State Presence,FAMa,1,NULL,NULL,NULL,NULL,NULL,NULL,NULL,MLI,ML,Mali
Duentza,15,-2.9499999,MINUSMA,Host State Presence,FAMa,1,NULL,NULL,NULL,NULL,NULL,NULL,NULL,MLI,ML,Mali
Duentza,15,-2.9499999,MINUSMA,Host State Presence,FAMa,1,NULL,NULL,NULL,NULL,NULL,NULL,NULL,MLI,ML,Mali
Faro,NULL,NULL,MINUSMA,Host State Presence,FAMa,1,NULL,NULL,NULL,NULL,NULL,NULL,NULL,MLI,ML,Mali
Faro,NULL,NULL,MINUSMA,Host State Presence,FAMa,1,NULL,NULL,NULL,NULL,NULL,NULL,NULL,MLI,ML,Mali
Faro,NULL,NULL,MINUSMA,Host State Presence,FAMa,1,NULL,NULL,NULL,NULL,NULL,NULL,NULL,MLI,ML,Mali
Faro,NULL,NULL,MINUSMA,Host State Presence,FAMa,1,NULL,NULL,NULL,NULL,NULL,NULL,NULL,MLI,ML,Mali
Faro,NULL,NULL,MINUSMA,Host State Presence,FAMa,1,NULL,NULL,NULL,NULL,NULL,NULL,NULL,MLI,ML,Mali
Gangam,15.55,-1.1333332,MINUSMA,Host State Presence,FAMa,1,NULL,NULL,NULL,NULL,NULL,NULL,NULL,MLI,ML,Mali
Gangam,15.55,-1.1333332,MINUSMA,Host State Presence,FAMa,1,NULL,NULL,NULL,NULL,NULL,NULL,NULL,MLI,ML,Mali
Gangam,15.55,-1.1333332,MINUSMA,Host State Presence,FAMa,1,NULL,NULL,NULL,NULL,NULL,NULL,NULL,MLI,ML,Mali
Gangam,15.55,-1.1333332,MINUSMA,Host State Presence,FAMa,1,NULL,NULL,NULL,NULL,NULL,NULL,NULL,MLI,ML,Mali
Gangam,15.55,-1.1333332,MINUSMA,Host State Presence,FAMa,1,NULL,NULL,NULL,NULL,NULL,NULL,NULL,MLI,ML,Mali
Gao,16.26658978,-0.05000757,MINUSMA,Host State Presence,FAMa,1,NULL,NULL,NULL,NULL,NULL,NULL,NULL,MLI,ML,Mali
Gao,16.2716667,-0.0447221,MINUSMA,Host State Presence,FAMa,1,NULL,NULL,NULL,NULL,NULL,NULL,NULL,MLI,ML,Mali
Gao,16.26658978,-0.05000757,MINUSMA,Host State Presence,FAMa,1,NULL,NULL,NULL,NULL,NULL,NULL,NULL,MLI,ML,Mali
Gao,16.2716667,-0.0447221,MINUSMA,Host State Presence,FAMa,1,NULL,NULL,NULL,NULL,NULL,NULL,NULL,MLI,ML,Mali
Gao,16.26658978,-0.05000757,MINUSMA,Host State Presence,FAMa,1,NULL,NULL,NULL,NULL,NULL,NULL,NULL,MLI,ML,Mali
Gao,16.2716667,-0.0447221,MINUSMA,Host State Presence,FAMa,1,NULL,NULL,NULL,NULL,NULL,NULL,NULL,MLI,ML,Mali
Gao,16.2716667,-0.0447221,MINUSMA,Host State Presence,FAMa,1,NULL,NULL,NULL,NULL,NULL,NULL,NULL,MLI,ML,Mali
Gao,16.26658978,-0.05000757,MINUSMA,Host State Presence,FAMa,1,NULL,NULL,NULL,NULL,NULL,NULL,NULL,MLI,ML,Mali
Gao,16.2716667,-0.0447221,MINUSMA,Host State Presence,FAMa,1,NULL,NULL,NULL,NULL,NULL,NULL,NULL,MLI,ML,Mali
Gathia Loumo,NULL,NULL,MINUSMA,Host State Presence,FAMa,1,NULL,NULL,NULL,NULL,NULL,NULL,NULL,MLI,ML,Mali
Gathia Loumo,NULL,NULL,MINUSMA,Host State Presence,FAMa,1,NULL,NULL,NULL,NULL,NULL,NULL,NULL,MLI,ML,Mali
Gathia Loumo,NULL,NULL,MINUSMA,Host State Presence,FAMa,1,NULL,NULL,NULL,NULL,NULL,NULL,NULL,MLI,ML,Mali
Gathia Loumo,NULL,NULL,MINUSMA,Host State Presence,FAMa,1,NULL,NULL,NULL,NULL,NULL,NULL,NULL,MLI,ML,Mali
Gathia Loumo,NULL,NULL,MINUSMA,Host State Presence,FAMa,1,NULL,NULL,NULL,NULL,NULL,NULL,NULL,MLI,ML,Mali
Gossi,15.8227778,-1.2972221,MINUSMA,Host State Presence,FAMa,1,NULL,NULL,NULL,NULL,NULL,NULL,NULL,MLI,ML,Mali
Gossi,15.8227778,-1.2972221,MINUSMA,Host State Presence,FAMa,1,NULL,NULL,NULL,NULL,NULL,NULL,NULL,MLI,ML,Mali
Gossi,15.8227778,-1.2972221,MINUSMA,Host State Presence,FAMa,1,NULL,NULL,NULL,NULL,NULL,NULL,NULL,MLI,ML,Mali
Gossi,15.8227778,-1.2972221,MINUSMA,Host State Presence,FAMa,1,NULL,NULL,NULL,NULL,NULL,NULL,NULL,MLI,ML,Mali
Gossi,15.8227778,-1.2972221,MINUSMA,Host State Presence,FAMa,1,NULL,NULL,NULL,NULL,NULL,NULL,NULL,MLI,ML,Mali
Gourma Rhaous,NULL,NULL,MINUSMA,Host State Presence,FAMa,1,NULL,NULL,NULL,NULL,NULL,NULL,NULL,MLI,ML,Mali
Gourma Rhaous,NULL,NULL,MINUSMA,Host State Presence,FAMa,1,NULL,NULL,NULL,NULL,NULL,NULL,NULL,MLI,ML,Mali
Gourma Rhaous,NULL,NULL,MINUSMA,Host State Presence,FAMa,1,NULL,NULL,NULL,NULL,NULL,NULL,NULL,MLI,ML,Mali
Gourma Rhaous,NULL,NULL,MINUSMA,Host State Presence,FAMa,1,NULL,NULL,NULL,NULL,NULL,NULL,NULL,MLI,ML,Mali
Gourma Rhaous,NULL,NULL,MINUSMA,Host State Presence,FAMa,1,NULL,NULL,NULL,NULL,NULL,NULL,NULL,MLI,ML,Mali
Hombori,15.2833333,-1.6999999,MINUSMA,Host State Presence,FAMa,1,NULL,NULL,NULL,NULL,NULL,NULL,NULL,MLI,ML,Mali
Hombori,15.2833333,-1.6999999,MINUSMA,Host State Presence,FAMa,1,NULL,NULL,NULL,NULL,NULL,NULL,NULL,MLI,ML,Mali
Hombori,15.2833333,-1.6999999,MINUSMA,Host State Presence,FAMa,1,NULL,NULL,NULL,NULL,NULL,NULL,NULL,MLI,ML,Mali
Hombori,15.2833333,-1.6999999,MINUSMA,Host State Presence,FAMa,1,NULL,NULL,NULL,NULL,NULL,NULL,NULL,MLI,ML,Mali
Hombori,15.2833333,-1.6999999,MINUSMA,Host State Presence,FAMa,1,NULL,NULL,NULL,NULL,NULL,NULL,NULL,MLI,ML,Mali
In Tilit,15.5461111,-0.4605555,MINUSMA,Host State Presence,FAMa,1,NULL,NULL,NULL,NULL,NULL,NULL,NULL,MLI,ML,Mali
In Tilit,15.5461111,-0.4605555,MINUSMA,Host State Presence,FAMa,1,NULL,NULL,NULL,NULL,NULL,NULL,NULL,MLI,ML,Mali
In Tilit,15.5461111,-0.4605555,MINUSMA,Host State Presence,FAMa,1,NULL,NULL,NULL,NULL,NULL,NULL,NULL,MLI,ML,Mali
In Tilit,15.5461111,-0.4605555,MINUSMA,Host State Presence,FAMa,1,NULL,NULL,NULL,NULL,NULL,NULL,NULL,MLI,ML,Mali
In Tilit,15.5461111,-0.4605555,MINUSMA,Host State Presence,FAMa,1,NULL,NULL,NULL,NULL,NULL,NULL,NULL,MLI,ML,Mali
Konna,14.95,-3.8833332,MINUSMA,Host State Presence,FAMa,1,NULL,NULL,NULL,NULL,NULL,NULL,NULL,MLI,ML,Mali
Konna,14.95,-3.8833332,MINUSMA,Host State Presence,FAMa,1,NULL,NULL,NULL,NULL,NULL,NULL,NULL,MLI,ML,Mali
Konna,14.95,-3.8833332,MINUSMA,Host State Presence,FAMa,1,NULL,NULL,NULL,NULL,NULL,NULL,NULL,MLI,ML,Mali
Konna,14.95,-3.8833332,MINUSMA,Host State Presence,FAMa,1,NULL,NULL,NULL,NULL,NULL,NULL,NULL,MLI,ML,Mali
Konna,14.95,-3.8833332,MINUSMA,Host State Presence,FAMa,1,NULL,NULL,NULL,NULL,NULL,NULL,NULL,MLI,ML,Mali
Labezanga,14.9569444,0.6977778,MINUSMA,Host State Presence,FAMa,1,NULL,NULL,NULL,NULL,NULL,NULL,NULL,MLI,ML,Mali
Labezanga,14.9569444,0.6977778,MINUSMA,Host State Presence,FAMa,1,NULL,NULL,NULL,NULL,NULL,NULL,NULL,MLI,ML,Mali
Labezanga,14.9569444,0.6977778,MINUSMA,Host State Presence,FAMa,1,NULL,NULL,NULL,NULL,NULL,NULL,NULL,MLI,ML,Mali
Labezanga,14.9569444,0.6977778,MINUSMA,Host State Presence,FAMa,1,NULL,NULL,NULL,NULL,NULL,NULL,NULL,MLI,ML,Mali
Labezanga,14.9569444,0.6977778,MINUSMA,Host State Presence,FAMa,1,NULL,NULL,NULL,NULL,NULL,NULL,NULL,MLI,ML,Mali
Lere,15.739,-4.77,MINUSMA,Host State Presence,FAMa,1,NULL,NULL,NULL,NULL,NULL,NULL,NULL,MLI,ML,Mali
Lere,15.739,-4.77,MINUSMA,Host State Presence,FAMa,1,NULL,NULL,NULL,NULL,NULL,NULL,NULL,MLI,ML,Mali
Lere,15.739,-4.77,MINUSMA,Host State Presence,FAMa,1,NULL,NULL,NULL,NULL,NULL,NULL,NULL,MLI,ML,Mali
Lere,15.739,-4.77,MINUSMA,Host State Presence,FAMa,1,NULL,NULL,NULL,NULL,NULL,NULL,NULL,MLI,ML,Mali
Lere,15.739,-4.77,MINUSMA,Host State Presence,FAMa,1,NULL,NULL,NULL,NULL,NULL,NULL,NULL,MLI,ML,Mali
Menaka,15.9166667,2.4,MINUSMA,Host State Presence,FAMa,1,NULL,NULL,NULL,NULL,NULL,NULL,NULL,MLI,ML,Mali
Menaka,15.91666282,2.399997923,MINUSMA,Host State Presence,FAMa,1,NULL,NULL,NULL,NULL,NULL,NULL,NULL,MLI,ML,Mali
Menaka,15.91666282,2.399997923,MINUSMA,Host State Presence,FAMa,1,NULL,NULL,NULL,NULL,NULL,NULL,NULL,MLI,ML,Mali
Menaka,15.9166667,2.4,MINUSMA,Host State Presence,FAMa,1,NULL,NULL,NULL,NULL,NULL,NULL,NULL,MLI,ML,Mali
Menaka,15.9166667,2.4,MINUSMA,Host State Presence,FAMa,1,NULL,NULL,NULL,NULL,NULL,NULL,NULL,MLI,ML,Mali
Menaka,15.91666282,2.399997923,MINUSMA,Host State Presence,FAMa,1,NULL,NULL,NULL,NULL,NULL,NULL,NULL,MLI,ML,Mali
Menaka,15.91666282,2.399997923,MINUSMA,Host State Presence,FAMa,1,NULL,NULL,NULL,NULL,NULL,NULL,NULL,MLI,ML,Mali
Menaka,15.9166667,2.4,MINUSMA,Host State Presence,FAMa,1,NULL,NULL,NULL,NULL,NULL,NULL,NULL,MLI,ML,Mali
Menaka,15.9166667,2.4,MINUSMA,Host State Presence,FAMa,1,NULL,NULL,NULL,NULL,NULL,NULL,NULL,MLI,ML,Mali
Mondoro,14.6666667,-1.9499999,MINUSMA,Host State Presence,FAMa,1,NULL,NULL,NULL,NULL,NULL,NULL,NULL,MLI,ML,Mali
Mondoro,14.6666667,-1.9499999,MINUSMA,Host State Presence,FAMa,1,NULL,NULL,NULL,NULL,NULL,NULL,NULL,MLI,ML,Mali
Mondoro,14.6666667,-1.9499999,MINUSMA,Host State Presence,FAMa,1,NULL,NULL,NULL,NULL,NULL,NULL,NULL,MLI,ML,Mali
Mondoro,14.6666667,-1.9499999,MINUSMA,Host State Presence,FAMa,1,NULL,NULL,NULL,NULL,NULL,NULL,NULL,MLI,ML,Mali
Mondoro,14.6666667,-1.9499999,MINUSMA,Host State Presence,FAMa,1,NULL,NULL,NULL,NULL,NULL,NULL,NULL,MLI,ML,Mali
Nampala,11.1666667,-6.2333332,MINUSMA,Host State Presence,FAMa,1,NULL,NULL,NULL,NULL,NULL,NULL,NULL,MLI,ML,Mali
Nampala,11.1666667,-6.2333332,MINUSMA,Host State Presence,FAMa,1,NULL,NULL,NULL,NULL,NULL,NULL,NULL,MLI,ML,Mali
Nampala,11.1666667,-6.2333332,MINUSMA,Host State Presence,FAMa,1,NULL,NULL,NULL,NULL,NULL,NULL,NULL,MLI,ML,Mali
Nampala,11.1666667,-6.2333332,MINUSMA,Host State Presence,FAMa,1,NULL,NULL,NULL,NULL,NULL,NULL,NULL,MLI,ML,Mali
Nampala,11.1666667,-6.2333332,MINUSMA,Host State Presence,FAMa,1,NULL,NULL,NULL,NULL,NULL,NULL,NULL,MLI,ML,Mali
Nara,15.1277778,-7.1880555,MINUSMA,Host State Presence,FAMa,1,NULL,NULL,NULL,NULL,NULL,NULL,NULL,MLI,ML,Mali
Nara,15.18001528,-7.279979697,MINUSMA,Host State Presence,FAMa,1,NULL,NULL,NULL,NULL,NULL,NULL,NULL,MLI,ML,Mali
Nara,15.1277778,-7.1880555,MINUSMA,Host State Presence,FAMa,1,NULL,NULL,NULL,NULL,NULL,NULL,NULL,MLI,ML,Mali
Nara,15.18001528,-7.279979697,MINUSMA,Host State Presence,FAMa,1,NULL,NULL,NULL,NULL,NULL,NULL,NULL,MLI,ML,Mali
Nara,15.1277778,-7.1880555,MINUSMA,Host State Presence,FAMa,1,NULL,NULL,NULL,NULL,NULL,NULL,NULL,MLI,ML,Mali
Nara,15.18001528,-7.279979697,MINUSMA,Host State Presence,FAMa,1,NULL,NULL,NULL,NULL,NULL,NULL,NULL,MLI,ML,Mali
Nara,15.1277778,-7.1880555,MINUSMA,Host State Presence,FAMa,1,NULL,NULL,NULL,NULL,NULL,NULL,NULL,MLI,ML,Mali
Nara,15.1277778,-7.1880555,MINUSMA,Host State Presence,FAMa,1,NULL,NULL,NULL,NULL,NULL,NULL,NULL,MLI,ML,Mali
Nara,15.18001528,-7.279979697,MINUSMA,Host State Presence,FAMa,1,NULL,NULL,NULL,NULL,NULL,NULL,NULL,MLI,ML,Mali
Niafunke,15.9333333,-3.9999999,MINUSMA,Host State Presence,FAMa,1,NULL,NULL,NULL,NULL,NULL,NULL,NULL,MLI,ML,Mali
Niafunke,15.9333333,-3.9999999,MINUSMA,Host State Presence,FAMa,1,NULL,NULL,NULL,NULL,NULL,NULL,NULL,MLI,ML,Mali
Niafunke,15.9333333,-3.9999999,MINUSMA,Host State Presence,FAMa,1,NULL,NULL,NULL,NULL,NULL,NULL,NULL,MLI,ML,Mali
Niafunke,15.9333333,-3.9999999,MINUSMA,Host State Presence,FAMa,1,NULL,NULL,NULL,NULL,NULL,NULL,NULL,MLI,ML,Mali
Niafunke,15.9333333,-3.9999999,MINUSMA,Host State Presence,FAMa,1,NULL,NULL,NULL,NULL,NULL,NULL,NULL,MLI,ML,Mali
Niono,14.2625,-5.8299999,MINUSMA,Host State Presence,FAMa,1,NULL,NULL,NULL,NULL,NULL,NULL,NULL,MLI,ML,Mali
Niono,14.2625,-5.8299999,MINUSMA,Host State Presence,FAMa,1,NULL,NULL,NULL,NULL,NULL,NULL,NULL,MLI,ML,Mali
Niono,14.2625,-5.8299999,MINUSMA,Host State Presence,FAMa,1,NULL,NULL,NULL,NULL,NULL,NULL,NULL,MLI,ML,Mali
Niono,14.2625,-5.8299999,MINUSMA,Host State Presence,FAMa,1,NULL,NULL,NULL,NULL,NULL,NULL,NULL,MLI,ML,Mali
Niono,14.2625,-5.8299999,MINUSMA,Host State Presence,FAMa,1,NULL,NULL,NULL,NULL,NULL,NULL,NULL,MLI,ML,Mali
Sevare,18.4411111,1.4077778,MINUSMA,Host State Presence,FAMa,1,NULL,NULL,NULL,NULL,NULL,NULL,NULL,MLI,ML,Mali
Sevare,14.5333333,-4.0999999,MINUSMA,Host State Presence,FAMa,1,NULL,NULL,NULL,NULL,NULL,NULL,NULL,MLI,ML,Mali
Sevare,14.5333333,-4.0999999,MINUSMA,Host State Presence,FAMa,1,NULL,NULL,NULL,NULL,NULL,NULL,NULL,MLI,ML,Mali
Sevare,18.4411111,1.4077778,MINUSMA,Host State Presence,FAMa,1,NULL,NULL,NULL,NULL,NULL,NULL,NULL,MLI,ML,Mali
Sevare,14.5333333,-4.0999999,MINUSMA,Host State Presence,FAMa,1,NULL,NULL,NULL,NULL,NULL,NULL,NULL,MLI,ML,Mali
Sevare,18.4411111,1.4077778,MINUSMA,Host State Presence,FAMa,1,NULL,NULL,NULL,NULL,NULL,NULL,NULL,MLI,ML,Mali
Sevare,14.5333333,-4.0999999,MINUSMA,Host State Presence,FAMa,1,NULL,NULL,NULL,NULL,NULL,NULL,NULL,MLI,ML,Mali
Sevare,18.4411111,1.4077778,MINUSMA,Host State Presence,FAMa,1,NULL,NULL,NULL,NULL,NULL,NULL,NULL,MLI,ML,Mali
Sevare,18.4411111,1.4077778,MINUSMA,Host State Presence,FAMa,1,NULL,NULL,NULL,NULL,NULL,NULL,NULL,MLI,ML,Mali
Sevare,14.5333333,-4.0999999,MINUSMA,Host State Presence,FAMa,1,NULL,NULL,NULL,NULL,NULL,NULL,NULL,MLI,ML,Mali
Tarikent,17.4794444,0.1169444,MINUSMA,Host State Presence,FAMa,1,NULL,NULL,NULL,NULL,NULL,NULL,NULL,MLI,ML,Mali
Tarikent,17.4794444,0.1169444,MINUSMA,Host State Presence,FAMa,1,NULL,NULL,NULL,NULL,NULL,NULL,NULL,MLI,ML,Mali
Tarikent,17.4794444,0.1169444,MINUSMA,Host State Presence,FAMa,1,NULL,NULL,NULL,NULL,NULL,NULL,NULL,MLI,ML,Mali
Tarikent,17.4794444,0.1169444,MINUSMA,Host State Presence,FAMa,1,NULL,NULL,NULL,NULL,NULL,NULL,NULL,MLI,ML,Mali
Tarikent,17.4794444,0.1169444,MINUSMA,Host State Presence,FAMa,1,NULL,NULL,NULL,NULL,NULL,NULL,NULL,MLI,ML,Mali
Tenenkou,14.4666667,-4.9166666,MINUSMA,Host State Presence,FAMa,1,NULL,NULL,NULL,NULL,NULL,NULL,NULL,MLI,ML,Mali
Tenenkou,14.4666667,-4.9166666,MINUSMA,Host State Presence,FAMa,1,NULL,NULL,NULL,NULL,NULL,NULL,NULL,MLI,ML,Mali
Tenenkou,14.4666667,-4.9166666,MINUSMA,Host State Presence,FAMa,1,NULL,NULL,NULL,NULL,NULL,NULL,NULL,MLI,ML,Mali
Tenenkou,14.4666667,-4.9166666,MINUSMA,Host State Presence,FAMa,1,NULL,NULL,NULL,NULL,NULL,NULL,NULL,MLI,ML,Mali
Tenenkou,14.4666667,-4.9166666,MINUSMA,Host State Presence,FAMa,1,NULL,NULL,NULL,NULL,NULL,NULL,NULL,MLI,ML,Mali
Tessalit,20.1986111,1.0113889,MINUSMA,Host State Presence,FAMa,1,NULL,NULL,NULL,NULL,NULL,NULL,NULL,MLI,ML,Mali
Tessalit,20.1986111,1.0113889,MINUSMA,Host State Presence,FAMa,1,NULL,NULL,NULL,NULL,NULL,NULL,NULL,MLI,ML,Mali
Tessalit,20.20138837,1.088811807,MINUSMA,Host State Presence,FAMa,1,NULL,NULL,NULL,NULL,NULL,NULL,NULL,MLI,ML,Mali
Tessalit,20.1986111,1.0113889,MINUSMA,Host State Presence,FAMa,1,NULL,NULL,NULL,NULL,NULL,NULL,NULL,MLI,ML,Mali
Tessalit,20.20138837,1.088811807,MINUSMA,Host State Presence,FAMa,1,NULL,NULL,NULL,NULL,NULL,NULL,NULL,MLI,ML,Mali
Tessalit,20.1986111,1.0113889,MINUSMA,Host State Presence,FAMa,1,NULL,NULL,NULL,NULL,NULL,NULL,NULL,MLI,ML,Mali
Tessalit,20.20138837,1.088811807,MINUSMA,Host State Presence,FAMa,1,NULL,NULL,NULL,NULL,NULL,NULL,NULL,MLI,ML,Mali
Tessalit,20.1986111,1.0113889,MINUSMA,Host State Presence,FAMa,1,NULL,NULL,NULL,NULL,NULL,NULL,NULL,MLI,ML,Mali
Tessalit,20.20138837,1.088811807,MINUSMA,Host State Presence,FAMa,1,NULL,NULL,NULL,NULL,NULL,NULL,NULL,MLI,ML,Mali
Tessit,15.2166667,0.3,MINUSMA,Host State Presence,FAMa,1,NULL,NULL,NULL,NULL,NULL,NULL,NULL,MLI,ML,Mali
Tessit,15.2166667,0.3,MINUSMA,Host State Presence,FAMa,1,NULL,NULL,NULL,NULL,NULL,NULL,NULL,MLI,ML,Mali
Tessit,15.2166667,0.3,MINUSMA,Host State Presence,FAMa,1,NULL,NULL,NULL,NULL,NULL,NULL,NULL,MLI,ML,Mali
Tessit,15.2166667,0.3,MINUSMA,Host State Presence,FAMa,1,NULL,NULL,NULL,NULL,NULL,NULL,NULL,MLI,ML,Mali
Tessit,15.2166667,0.3,MINUSMA,Host State Presence,FAMa,1,NULL,NULL,NULL,NULL,NULL,NULL,NULL,MLI,ML,Mali
Timbuktu,16.7666667,-3.0166666,MINUSMA,Host State Presence,FAMa,1,NULL,NULL,NULL,NULL,NULL,NULL,NULL,MLI,ML,Mali
Timbuktu,16.7666667,-3.0166666,MINUSMA,Host State Presence,FAMa,1,NULL,NULL,NULL,NULL,NULL,NULL,NULL,MLI,ML,Mali
Timbuktu,16.7665851,-3.016596518,MINUSMA,Host State Presence,FAMa,1,NULL,NULL,NULL,NULL,NULL,NULL,NULL,MLI,ML,Mali
Timbuktu,16.7666667,-3.0166666,MINUSMA,Host State Presence,FAMa,1,NULL,NULL,NULL,NULL,NULL,NULL,NULL,MLI,ML,Mali
Timbuktu,16.7665851,-3.016596518,MINUSMA,Host State Presence,FAMa,1,NULL,NULL,NULL,NULL,NULL,NULL,NULL,MLI,ML,Mali
Timbuktu,16.7666667,-3.0166666,MINUSMA,Host State Presence,FAMa,1,NULL,NULL,NULL,NULL,NULL,NULL,NULL,MLI,ML,Mali
Timbuktu,16.7665851,-3.016596518,MINUSMA,Host State Presence,FAMa,1,NULL,NULL,NULL,NULL,NULL,NULL,NULL,MLI,ML,Mali
Timbuktu,16.7666667,-3.0166666,MINUSMA,Host State Presence,FAMa,1,NULL,NULL,NULL,NULL,NULL,NULL,NULL,MLI,ML,Mali
Timbuktu,16.7665851,-3.016596518,MINUSMA,Host State Presence,FAMa,1,NULL,NULL,NULL,NULL,NULL,NULL,NULL,MLI,ML,Mali
Tin Hama,15.6,0.9,MINUSMA,Host State Presence,FAMa,1,NULL,NULL,NULL,NULL,NULL,NULL,NULL,MLI,ML,Mali
Tin Hama,15.6,0.9,MINUSMA,Host State Presence,FAMa,1,NULL,NULL,NULL,NULL,NULL,NULL,NULL,MLI,ML,Mali
Tin Hama,15.6,0.9,MINUSMA,Host State Presence,FAMa,1,NULL,NULL,NULL,NULL,NULL,NULL,NULL,MLI,ML,Mali
Tin Hama,15.6,0.9,MINUSMA,Host State Presence,FAMa,1,NULL,NULL,NULL,NULL,NULL,NULL,NULL,MLI,ML,Mali
Tin Hama,15.6,0.9,MINUSMA,Host State Presence,FAMa,1,NULL,NULL,NULL,NULL,NULL,NULL,NULL,MLI,ML,Mali
Tonka,16.1333333,-3.7499999,MINUSMA,Host State Presence,FAMa,1,NULL,NULL,NULL,NULL,NULL,NULL,NULL,MLI,ML,Mali
Tonka,16.1333333,-3.7499999,MINUSMA,Host State Presence,FAMa,1,NULL,NULL,NULL,NULL,NULL,NULL,NULL,MLI,ML,Mali
Tonka,16.1333333,-3.7499999,MINUSMA,Host State Presence,FAMa,1,NULL,NULL,NULL,NULL,NULL,NULL,NULL,MLI,ML,Mali
Tonka,16.1333333,-3.7499999,MINUSMA,Host State Presence,FAMa,1,NULL,NULL,NULL,NULL,NULL,NULL,NULL,MLI,ML,Mali
Tonka,16.1333333,-3.7499999,MINUSMA,Host State Presence,FAMa,1,NULL,NULL,NULL,NULL,NULL,NULL,NULL,MLI,ML,Mali
Lere,15.739,-4.77,MINUSMA,CLA,CLA,2,NULL,NULL,NULL,NULL,NULL,NULL,NULL,MLI,ML,Mali
Mopti,14.5,-4.1999999,MINUSMA,CLA,CLA,4,NULL,NULL,NULL,NULL,NULL,NULL,NULL,MLI,ML,Mali
Goundam,16.4166667,-3.6666666,MINUSMA,CLA,CLA,2,NULL,NULL,NULL,NULL,NULL,NULL,NULL,MLI,ML,Mali
Ber,16.8330556,-2.5288888,MINUSMA,CLA,CLA,2,NULL,NULL,NULL,NULL,NULL,NULL,NULL,MLI,ML,Mali
Gao,16.2716667,-0.0447221,MINUSMA,CLA,CLA,2,NULL,NULL,NULL,NULL,NULL,NULL,NULL,MLI,ML,Mali
Ansongo,15.6594444,0.5016667,MINUSMA,CLA,CLA,2,NULL,NULL,NULL,NULL,NULL,NULL,NULL,MLI,ML,Mali
Aguelhok,19.4613889,0.8588889,MINUSMA,CLA,CLA,1,NULL,NULL,NULL,NULL,NULL,NULL,NULL,MLI,ML,Mali
Tessalit',20.3,1.0113889,MINUSMA,CLA,CLA,2,NULL,NULL,NULL,NULL,NULL,NULL,NULL,MLI,ML,Mali
Menaka,15.9166667,2.4,MINUSMA,CLA,CLA,2,NULL,NULL,NULL,NULL,NULL,NULL,NULL,MLI,ML,Mali
Goundam,16.41699404,-3.666582684,MINUSMA,CLA,CLA,2,NULL,NULL,NULL,NULL,NULL,NULL,NULL,MLI,ML,Mali
Aguelhok,19.45487062,0.856371214,MINUSMA,CLA,CLA,1,NULL,NULL,NULL,NULL,NULL,NULL,NULL,MLI,ML,Mali
Menaka,15.91666282,2.399997923,MINUSMA,CLA,CLA,2,NULL,NULL,NULL,NULL,NULL,NULL,NULL,MLI,ML,Mali
Mopti,14.48997988,-4.180039715,MINUSMA,CLA,CLA,4,NULL,NULL,NULL,NULL,NULL,NULL,NULL,MLI,ML,Mali
Gao,16.26658978,-0.05000757,MINUSMA,CLA,CLA,2,NULL,NULL,NULL,NULL,NULL,NULL,NULL,MLI,ML,Mali
Lere,15.739,-4.77,MINUSMA,CLA,CLA,2,NULL,NULL,NULL,NULL,NULL,NULL,NULL,MLI,ML,Mali
Mopti,14.5,-4.1999999,MINUSMA,CLA,CLA,4,NULL,NULL,NULL,NULL,NULL,NULL,NULL,MLI,ML,Mali
Goundam,16.4166667,-3.6666666,MINUSMA,CLA,CLA,2,NULL,NULL,NULL,NULL,NULL,NULL,NULL,MLI,ML,Mali
Ber,16.8330556,-2.5288888,MINUSMA,CLA,CLA,2,NULL,NULL,NULL,NULL,NULL,NULL,NULL,MLI,ML,Mali
Gao,16.2716667,-0.0447221,MINUSMA,CLA,CLA,2,NULL,NULL,NULL,NULL,NULL,NULL,NULL,MLI,ML,Mali
Ansongo,15.6594444,0.5016667,MINUSMA,CLA,CLA,2,NULL,NULL,NULL,NULL,NULL,NULL,NULL,MLI,ML,Mali
Aguelhok,19.4613889,0.8588889,MINUSMA,CLA,CLA,1,NULL,NULL,NULL,NULL,NULL,NULL,NULL,MLI,ML,Mali
Tessalit',20.3,1.0113889,MINUSMA,CLA,CLA,2,NULL,NULL,NULL,NULL,NULL,NULL,NULL,MLI,ML,Mali
Menaka,15.9166667,2.4,MINUSMA,CLA,CLA,2,NULL,NULL,NULL,NULL,NULL,NULL,NULL,MLI,ML,Mali
Goundam,16.41699404,-3.666582684,MINUSMA,CLA,CLA,2,NULL,NULL,NULL,NULL,NULL,NULL,NULL,MLI,ML,Mali
Aguelhok,19.45487062,0.856371214,MINUSMA,CLA,CLA,1,NULL,NULL,NULL,NULL,NULL,NULL,NULL,MLI,ML,Mali
Menaka,15.91666282,2.399997923,MINUSMA,CLA,CLA,2,NULL,NULL,NULL,NULL,NULL,NULL,NULL,MLI,ML,Mali
Mopti,14.48997988,-4.180039715,MINUSMA,CLA,CLA,4,NULL,NULL,NULL,NULL,NULL,NULL,NULL,MLI,ML,Mali
Gao,16.26658978,-0.05000757,MINUSMA,CLA,CLA,2,NULL,NULL,NULL,NULL,NULL,NULL,NULL,MLI,ML,Mali
Lere,15.739,-4.77,MINUSMA,CLA,CLA,2,NULL,NULL,NULL,NULL,NULL,NULL,NULL,MLI,ML,Mali
Mopti,14.5,-4.1999999,MINUSMA,CLA,CLA,4,NULL,NULL,NULL,NULL,NULL,NULL,NULL,MLI,ML,Mali
Goundam,16.4166667,-3.6666666,MINUSMA,CLA,CLA,2,NULL,NULL,NULL,NULL,NULL,NULL,NULL,MLI,ML,Mali
Ber,16.8330556,-2.5288888,MINUSMA,CLA,CLA,2,NULL,NULL,NULL,NULL,NULL,NULL,NULL,MLI,ML,Mali
Gao,16.2716667,-0.0447221,MINUSMA,CLA,CLA,2,NULL,NULL,NULL,NULL,NULL,NULL,NULL,MLI,ML,Mali
Ansongo,15.6594444,0.5016667,MINUSMA,CLA,CLA,2,NULL,NULL,NULL,NULL,NULL,NULL,NULL,MLI,ML,Mali
Aguelhok,19.4613889,0.8588889,MINUSMA,CLA,CLA,1,NULL,NULL,NULL,NULL,NULL,NULL,NULL,MLI,ML,Mali
Tessalit',20.3,1.0113889,MINUSMA,CLA,CLA,2,NULL,NULL,NULL,NULL,NULL,NULL,NULL,MLI,ML,Mali
Menaka,15.9166667,2.4,MINUSMA,CLA,CLA,2,NULL,NULL,NULL,NULL,NULL,NULL,NULL,MLI,ML,Mali
Goundam,16.41699404,-3.666582684,MINUSMA,CLA,CLA,2,NULL,NULL,NULL,NULL,NULL,NULL,NULL,MLI,ML,Mali
Aguelhok,19.45487062,0.856371214,MINUSMA,CLA,CLA,1,NULL,NULL,NULL,NULL,NULL,NULL,NULL,MLI,ML,Mali
Menaka,15.91666282,2.399997923,MINUSMA,CLA,CLA,2,NULL,NULL,NULL,NULL,NULL,NULL,NULL,MLI,ML,Mali
Mopti,14.48997988,-4.180039715,MINUSMA,CLA,CLA,4,NULL,NULL,NULL,NULL,NULL,NULL,NULL,MLI,ML,Mali
Gao,16.26658978,-0.05000757,MINUSMA,CLA,CLA,2,NULL,NULL,NULL,NULL,NULL,NULL,NULL,MLI,ML,Mali
Lere,15.739,-4.77,MINUSMA,CLA,CLA,2,NULL,NULL,NULL,NULL,NULL,NULL,NULL,MLI,ML,Mali
Mopti,14.5,-4.1999999,MINUSMA,CLA,CLA,4,NULL,NULL,NULL,NULL,NULL,NULL,NULL,MLI,ML,Mali
Goundam,16.4166667,-3.6666666,MINUSMA,CLA,CLA,2,NULL,NULL,NULL,NULL,NULL,NULL,NULL,MLI,ML,Mali
Ber,16.8330556,-2.5288888,MINUSMA,CLA,CLA,2,NULL,NULL,NULL,NULL,NULL,NULL,NULL,MLI,ML,Mali
Gao,16.2716667,-0.0447221,MINUSMA,CLA,CLA,2,NULL,NULL,NULL,NULL,NULL,NULL,NULL,MLI,ML,Mali
Ansongo,15.6594444,0.5016667,MINUSMA,CLA,CLA,2,NULL,NULL,NULL,NULL,NULL,NULL,NULL,MLI,ML,Mali
Aguelhok,19.4613889,0.8588889,MINUSMA,CLA,CLA,1,NULL,NULL,NULL,NULL,NULL,NULL,NULL,MLI,ML,Mali
Tessalit',20.3,1.0113889,MINUSMA,CLA,CLA,2,NULL,NULL,NULL,NULL,NULL,NULL,NULL,MLI,ML,Mali
Menaka,15.9166667,2.4,MINUSMA,CLA,CLA,2,NULL,NULL,NULL,NULL,NULL,NULL,NULL,MLI,ML,Mali
Goundam,16.41699404,-3.666582684,MINUSMA,CLA,CLA,2,NULL,NULL,NULL,NULL,NULL,NULL,NULL,MLI,ML,Mali
Aguelhok,19.45487062,0.856371214,MINUSMA,CLA,CLA,1,NULL,NULL,NULL,NULL,NULL,NULL,NULL,MLI,ML,Mali
Menaka,15.91666282,2.399997923,MINUSMA,CLA,CLA,2,NULL,NULL,NULL,NULL,NULL,NULL,NULL,MLI,ML,Mali
Mopti,14.48997988,-4.180039715,MINUSMA,CLA,CLA,4,NULL,NULL,NULL,NULL,NULL,NULL,NULL,MLI,ML,Mali
Gao,16.26658978,-0.05000757,MINUSMA,CLA,CLA,2,NULL,NULL,NULL,NULL,NULL,NULL,NULL,MLI,ML,Mali
Lere,15.739,-4.77,MINUSMA,CLA,CLA,2,NULL,NULL,NULL,NULL,NULL,NULL,NULL,MLI,ML,Mali
Mopti,14.5,-4.1999999,MINUSMA,CLA,CLA,4,NULL,NULL,NULL,NULL,NULL,NULL,NULL,MLI,ML,Mali
Goundam,16.4166667,-3.6666666,MINUSMA,CLA,CLA,2,NULL,NULL,NULL,NULL,NULL,NULL,NULL,MLI,ML,Mali
Ber,16.8330556,-2.5288888,MINUSMA,CLA,CLA,2,NULL,NULL,NULL,NULL,NULL,NULL,NULL,MLI,ML,Mali
Gao,16.2716667,-0.0447221,MINUSMA,CLA,CLA,2,NULL,NULL,NULL,NULL,NULL,NULL,NULL,MLI,ML,Mali
Ansongo,15.6594444,0.5016667,MINUSMA,CLA,CLA,2,NULL,NULL,NULL,NULL,NULL,NULL,NULL,MLI,ML,Mali
Aguelhok,19.4613889,0.8588889,MINUSMA,CLA,CLA,1,NULL,NULL,NULL,NULL,NULL,NULL,NULL,MLI,ML,Mali
Tessalit',20.3,1.0113889,MINUSMA,CLA,CLA,2,NULL,NULL,NULL,NULL,NULL,NULL,NULL,MLI,ML,Mali
Menaka,15.9166667,2.4,MINUSMA,CLA,CLA,2,NULL,NULL,NULL,NULL,NULL,NULL,NULL,MLI,ML,Mali
Bamako,12.65,-7.9999999,MINUSMA,Mission Deployment,MINUSMA HQ,1,NULL,NULL,NULL,NULL,NULL,NULL,NULL,MLI,ML,Mali
Lere,15.739,-4.77,MINUSMA,Mission Deployment,MINUSMA HQ,1,NULL,NULL,NULL,NULL,NULL,NULL,NULL,MLI,ML,Mali
Mopti,14.5,-4.1999999,MINUSMA,Mission Deployment,MINUSMA HQ,1,NULL,NULL,NULL,NULL,NULL,NULL,NULL,MLI,ML,Mali
Goundam,16.4166667,-3.6666666,MINUSMA,Mission Deployment,MINUSMA HQ,1,NULL,NULL,NULL,NULL,NULL,NULL,NULL,MLI,ML,Mali
Timbuktu,16.7666667,-3.0166666,MINUSMA,Mission Deployment,MINUSMA HQ,1,NULL,NULL,NULL,NULL,NULL,NULL,NULL,MLI,ML,Mali
Duentza,15,-2.9499999,MINUSMA,Mission Deployment,MINUSMA HQ,1,NULL,NULL,NULL,NULL,NULL,NULL,NULL,MLI,ML,Mali
Ber,16.8330556,-2.5288888,MINUSMA,Mission Deployment,MINUSMA HQ,1,NULL,NULL,NULL,NULL,NULL,NULL,NULL,MLI,ML,Mali
Gossi,15.8227778,-1.2972221,MINUSMA,Mission Deployment,MINUSMA HQ,1,NULL,NULL,NULL,NULL,NULL,NULL,NULL,MLI,ML,Mali
Likrakar,17.6252778,-0.0794443,MINUSMA,Mission Deployment,MINUSMA HQ,1,NULL,NULL,NULL,NULL,NULL,NULL,NULL,MLI,ML,Mali
Gao,16.2716667,-0.0447221,MINUSMA,Mission Deployment,MINUSMA HQ,1,NULL,NULL,NULL,NULL,NULL,NULL,NULL,MLI,ML,Mali
Ansongo,15.6594444,0.5016667,MINUSMA,Mission Deployment,MINUSMA HQ,1,NULL,NULL,NULL,NULL,NULL,NULL,NULL,MLI,ML,Mali
Anefis,18.04,0.6011111,MINUSMA,Mission Deployment,MINUSMA HQ,1,NULL,NULL,NULL,NULL,NULL,NULL,NULL,MLI,ML,Mali
Aguelhok',19.6,0.8588889,MINUSMA,Mission Deployment,MINUSMA HQ,1,NULL,NULL,NULL,NULL,NULL,NULL,NULL,MLI,ML,Mali
Tessalit'',20.1,1.0113889,MINUSMA,Mission Deployment,MINUSMA HQ,1,NULL,NULL,NULL,NULL,NULL,NULL,NULL,MLI,ML,Mali
Sevare',18.4411111,1.4077778,MINUSMA,Mission Deployment,MINUSMA HQ,1,NULL,NULL,NULL,NULL,NULL,NULL,NULL,MLI,ML,Mali
Menaka,15.9166667,2.4,MINUSMA,Mission Deployment,MINUSMA HQ,1,NULL,NULL,NULL,NULL,NULL,NULL,NULL,MLI,ML,Mali
Diabaly Boni,NULL,NULL,MINUSMA,Mission Deployment,MINUSMA HQ,1,NULL,NULL,NULL,NULL,NULL,NULL,NULL,MLI,ML,Mali
Goundam,16.41699404,-3.666582684,MINUSMA,Mission Deployment,MINUSMA HQ,1,NULL,NULL,NULL,NULL,NULL,NULL,NULL,MLI,ML,Mali
Menaka,15.91666282,2.399997923,MINUSMA,Mission Deployment,MINUSMA HQ,1,NULL,NULL,NULL,NULL,NULL,NULL,NULL,MLI,ML,Mali
Mopti,14.48997988,-4.180039715,MINUSMA,Mission Deployment,MINUSMA HQ,1,NULL,NULL,NULL,NULL,NULL,NULL,NULL,MLI,ML,Mali
Gao,16.26658978,-0.05000757,MINUSMA,Mission Deployment,MINUSMA HQ,1,NULL,NULL,NULL,NULL,NULL,NULL,NULL,MLI,ML,Mali
Timbuktu,16.7665851,-3.016596518,MINUSMA,Mission Deployment,MINUSMA HQ,1,NULL,NULL,NULL,NULL,NULL,NULL,NULL,MLI,ML,Mali
Bamako,12.65001467,-8.000039105,MINUSMA,Mission Deployment,MINUSMA HQ,1,NULL,NULL,NULL,NULL,NULL,NULL,NULL,MLI,ML,Mali
Bamako,12.65,-7.9999999,MINUSMA,Mission Deployment,MINUSMA HQ,1,NULL,NULL,NULL,NULL,NULL,NULL,NULL,MLI,ML,Mali
Lere,15.739,-4.77,MINUSMA,Mission Deployment,MINUSMA HQ,1,NULL,NULL,NULL,NULL,NULL,NULL,NULL,MLI,ML,Mali
Mopti,14.5,-4.1999999,MINUSMA,Mission Deployment,MINUSMA HQ,1,NULL,NULL,NULL,NULL,NULL,NULL,NULL,MLI,ML,Mali
Goundam,16.4166667,-3.6666666,MINUSMA,Mission Deployment,MINUSMA HQ,1,NULL,NULL,NULL,NULL,NULL,NULL,NULL,MLI,ML,Mali
Timbuktu,16.7666667,-3.0166666,MINUSMA,Mission Deployment,MINUSMA HQ,1,NULL,NULL,NULL,NULL,NULL,NULL,NULL,MLI,ML,Mali
Duentza,15,-2.9499999,MINUSMA,Mission Deployment,MINUSMA HQ,1,NULL,NULL,NULL,NULL,NULL,NULL,NULL,MLI,ML,Mali
Ber,16.8330556,-2.5288888,MINUSMA,Mission Deployment,MINUSMA HQ,1,NULL,NULL,NULL,NULL,NULL,NULL,NULL,MLI,ML,Mali
Gossi,15.8227778,-1.2972221,MINUSMA,Mission Deployment,MINUSMA HQ,1,NULL,NULL,NULL,NULL,NULL,NULL,NULL,MLI,ML,Mali
Likrakar,17.6252778,-0.0794443,MINUSMA,Mission Deployment,MINUSMA HQ,1,NULL,NULL,NULL,NULL,NULL,NULL,NULL,MLI,ML,Mali
Gao,16.2716667,-0.0447221,MINUSMA,Mission Deployment,MINUSMA HQ,1,NULL,NULL,NULL,NULL,NULL,NULL,NULL,MLI,ML,Mali
Ansongo,15.6594444,0.5016667,MINUSMA,Mission Deployment,MINUSMA HQ,1,NULL,NULL,NULL,NULL,NULL,NULL,NULL,MLI,ML,Mali
Anefis,18.04,0.6011111,MINUSMA,Mission Deployment,MINUSMA HQ,1,NULL,NULL,NULL,NULL,NULL,NULL,NULL,MLI,ML,Mali
Aguelhok',19.6,0.8588889,MINUSMA,Mission Deployment,MINUSMA HQ,1,NULL,NULL,NULL,NULL,NULL,NULL,NULL,MLI,ML,Mali
Tessalit'',20.1,1.0113889,MINUSMA,Mission Deployment,MINUSMA HQ,1,NULL,NULL,NULL,NULL,NULL,NULL,NULL,MLI,ML,Mali
Sevare',18.4411111,1.4077778,MINUSMA,Mission Deployment,MINUSMA HQ,1,NULL,NULL,NULL,NULL,NULL,NULL,NULL,MLI,ML,Mali
Menaka,15.9166667,2.4,MINUSMA,Mission Deployment,MINUSMA HQ,1,NULL,NULL,NULL,NULL,NULL,NULL,NULL,MLI,ML,Mali
Diabaly Boni,NULL,NULL,MINUSMA,Mission Deployment,MINUSMA HQ,1,NULL,NULL,NULL,NULL,NULL,NULL,NULL,MLI,ML,Mali
Goundam,16.41699404,-3.666582684,MINUSMA,Mission Deployment,MINUSMA HQ,1,NULL,NULL,NULL,NULL,NULL,NULL,NULL,MLI,ML,Mali
Menaka,15.91666282,2.399997923,MINUSMA,Mission Deployment,MINUSMA HQ,1,NULL,NULL,NULL,NULL,NULL,NULL,NULL,MLI,ML,Mali
Mopti,14.48997988,-4.180039715,MINUSMA,Mission Deployment,MINUSMA HQ,1,NULL,NULL,NULL,NULL,NULL,NULL,NULL,MLI,ML,Mali
Gao,16.26658978,-0.05000757,MINUSMA,Mission Deployment,MINUSMA HQ,1,NULL,NULL,NULL,NULL,NULL,NULL,NULL,MLI,ML,Mali
Timbuktu,16.7665851,-3.016596518,MINUSMA,Mission Deployment,MINUSMA HQ,1,NULL,NULL,NULL,NULL,NULL,NULL,NULL,MLI,ML,Mali
Bamako,12.65001467,-8.000039105,MINUSMA,Mission Deployment,MINUSMA HQ,1,NULL,NULL,NULL,NULL,NULL,NULL,NULL,MLI,ML,Mali
Bamako,12.65,-7.9999999,MINUSMA,Mission Deployment,MINUSMA HQ,1,NULL,NULL,NULL,NULL,NULL,NULL,NULL,MLI,ML,Mali
Lere,15.739,-4.77,MINUSMA,Mission Deployment,MINUSMA HQ,1,NULL,NULL,NULL,NULL,NULL,NULL,NULL,MLI,ML,Mali
Mopti,14.5,-4.1999999,MINUSMA,Mission Deployment,MINUSMA HQ,1,NULL,NULL,NULL,NULL,NULL,NULL,NULL,MLI,ML,Mali
Goundam,16.4166667,-3.6666666,MINUSMA,Mission Deployment,MINUSMA HQ,1,NULL,NULL,NULL,NULL,NULL,NULL,NULL,MLI,ML,Mali
Timbuktu,16.7666667,-3.0166666,MINUSMA,Mission Deployment,MINUSMA HQ,1,NULL,NULL,NULL,NULL,NULL,NULL,NULL,MLI,ML,Mali
Duentza,15,-2.9499999,MINUSMA,Mission Deployment,MINUSMA HQ,1,NULL,NULL,NULL,NULL,NULL,NULL,NULL,MLI,ML,Mali
Ber,16.8330556,-2.5288888,MINUSMA,Mission Deployment,MINUSMA HQ,1,NULL,NULL,NULL,NULL,NULL,NULL,NULL,MLI,ML,Mali
Gossi,15.8227778,-1.2972221,MINUSMA,Mission Deployment,MINUSMA HQ,1,NULL,NULL,NULL,NULL,NULL,NULL,NULL,MLI,ML,Mali
Likrakar,17.6252778,-0.0794443,MINUSMA,Mission Deployment,MINUSMA HQ,1,NULL,NULL,NULL,NULL,NULL,NULL,NULL,MLI,ML,Mali
Gao,16.2716667,-0.0447221,MINUSMA,Mission Deployment,MINUSMA HQ,1,NULL,NULL,NULL,NULL,NULL,NULL,NULL,MLI,ML,Mali
Ansongo,15.6594444,0.5016667,MINUSMA,Mission Deployment,MINUSMA HQ,1,NULL,NULL,NULL,NULL,NULL,NULL,NULL,MLI,ML,Mali
Anefis,18.04,0.6011111,MINUSMA,Mission Deployment,MINUSMA HQ,1,NULL,NULL,NULL,NULL,NULL,NULL,NULL,MLI,ML,Mali
Aguelhok',19.6,0.8588889,MINUSMA,Mission Deployment,MINUSMA HQ,1,NULL,NULL,NULL,NULL,NULL,NULL,NULL,MLI,ML,Mali
Tessalit'',20.1,1.0113889,MINUSMA,Mission Deployment,MINUSMA HQ,1,NULL,NULL,NULL,NULL,NULL,NULL,NULL,MLI,ML,Mali
Sevare',18.4411111,1.4077778,MINUSMA,Mission Deployment,MINUSMA HQ,1,NULL,NULL,NULL,NULL,NULL,NULL,NULL,MLI,ML,Mali
Menaka,15.9166667,2.4,MINUSMA,Mission Deployment,MINUSMA HQ,1,NULL,NULL,NULL,NULL,NULL,NULL,NULL,MLI,ML,Mali
Diabaly Boni,NULL,NULL,MINUSMA,Mission Deployment,MINUSMA HQ,1,NULL,NULL,NULL,NULL,NULL,NULL,NULL,MLI,ML,Mali
Goundam,16.41699404,-3.666582684,MINUSMA,Mission Deployment,MINUSMA HQ,1,NULL,NULL,NULL,NULL,NULL,NULL,NULL,MLI,ML,Mali
Menaka,15.91666282,2.399997923,MINUSMA,Mission Deployment,MINUSMA HQ,1,NULL,NULL,NULL,NULL,NULL,NULL,NULL,MLI,ML,Mali
Mopti,14.48997988,-4.180039715,MINUSMA,Mission Deployment,MINUSMA HQ,1,NULL,NULL,NULL,NULL,NULL,NULL,NULL,MLI,ML,Mali
Gao,16.26658978,-0.05000757,MINUSMA,Mission Deployment,MINUSMA HQ,1,NULL,NULL,NULL,NULL,NULL,NULL,NULL,MLI,ML,Mali
Timbuktu,16.7665851,-3.016596518,MINUSMA,Mission Deployment,MINUSMA HQ,1,NULL,NULL,NULL,NULL,NULL,NULL,NULL,MLI,ML,Mali
Bamako,12.65001467,-8.000039105,MINUSMA,Mission Deployment,MINUSMA HQ,1,NULL,NULL,NULL,NULL,NULL,NULL,NULL,MLI,ML,Mali
Bamako,12.65,-7.9999999,MINUSMA,Mission Deployment,MINUSMA HQ,1,NULL,NULL,NULL,NULL,NULL,NULL,NULL,MLI,ML,Mali
Lere,15.739,-4.77,MINUSMA,Mission Deployment,MINUSMA HQ,1,NULL,NULL,NULL,NULL,NULL,NULL,NULL,MLI,ML,Mali
Mopti,14.5,-4.1999999,MINUSMA,Mission Deployment,MINUSMA HQ,1,NULL,NULL,NULL,NULL,NULL,NULL,NULL,MLI,ML,Mali
Goundam,16.4166667,-3.6666666,MINUSMA,Mission Deployment,MINUSMA HQ,1,NULL,NULL,NULL,NULL,NULL,NULL,NULL,MLI,ML,Mali
Timbuktu,16.7666667,-3.0166666,MINUSMA,Mission Deployment,MINUSMA HQ,1,NULL,NULL,NULL,NULL,NULL,NULL,NULL,MLI,ML,Mali
Duentza,15,-2.9499999,MINUSMA,Mission Deployment,MINUSMA HQ,1,NULL,NULL,NULL,NULL,NULL,NULL,NULL,MLI,ML,Mali
Ber,16.8330556,-2.5288888,MINUSMA,Mission Deployment,MINUSMA HQ,1,NULL,NULL,NULL,NULL,NULL,NULL,NULL,MLI,ML,Mali
Gossi,15.8227778,-1.2972221,MINUSMA,Mission Deployment,MINUSMA HQ,1,NULL,NULL,NULL,NULL,NULL,NULL,NULL,MLI,ML,Mali
Likrakar,17.6252778,-0.0794443,MINUSMA,Mission Deployment,MINUSMA HQ,1,NULL,NULL,NULL,NULL,NULL,NULL,NULL,MLI,ML,Mali
Gao,16.2716667,-0.0447221,MINUSMA,Mission Deployment,MINUSMA HQ,1,NULL,NULL,NULL,NULL,NULL,NULL,NULL,MLI,ML,Mali
Ansongo,15.6594444,0.5016667,MINUSMA,Mission Deployment,MINUSMA HQ,1,NULL,NULL,NULL,NULL,NULL,NULL,NULL,MLI,ML,Mali
Anefis,18.04,0.6011111,MINUSMA,Mission Deployment,MINUSMA HQ,1,NULL,NULL,NULL,NULL,NULL,NULL,NULL,MLI,ML,Mali
Aguelhok',19.6,0.8588889,MINUSMA,Mission Deployment,MINUSMA HQ,1,NULL,NULL,NULL,NULL,NULL,NULL,NULL,MLI,ML,Mali
Tessalit'',20.1,1.0113889,MINUSMA,Mission Deployment,MINUSMA HQ,1,NULL,NULL,NULL,NULL,NULL,NULL,NULL,MLI,ML,Mali
Sevare',18.4411111,1.4077778,MINUSMA,Mission Deployment,MINUSMA HQ,1,NULL,NULL,NULL,NULL,NULL,NULL,NULL,MLI,ML,Mali
Menaka,15.9166667,2.4,MINUSMA,Mission Deployment,MINUSMA HQ,1,NULL,NULL,NULL,NULL,NULL,NULL,NULL,MLI,ML,Mali
Diabaly Boni,NULL,NULL,MINUSMA,Mission Deployment,MINUSMA HQ,1,NULL,NULL,NULL,NULL,NULL,NULL,NULL,MLI,ML,Mali
Goundam,16.41699404,-3.666582684,MINUSMA,Mission Deployment,MINUSMA HQ,1,NULL,NULL,NULL,NULL,NULL,NULL,NULL,MLI,ML,Mali
Menaka,15.91666282,2.399997923,MINUSMA,Mission Deployment,MINUSMA HQ,1,NULL,NULL,NULL,NULL,NULL,NULL,NULL,MLI,ML,Mali
Mopti,14.48997988,-4.180039715,MINUSMA,Mission Deployment,MINUSMA HQ,1,NULL,NULL,NULL,NULL,NULL,NULL,NULL,MLI,ML,Mali
Gao,16.26658978,-0.05000757,MINUSMA,Mission Deployment,MINUSMA HQ,1,NULL,NULL,NULL,NULL,NULL,NULL,NULL,MLI,ML,Mali
Timbuktu,16.7665851,-3.016596518,MINUSMA,Mission Deployment,MINUSMA HQ,1,NULL,NULL,NULL,NULL,NULL,NULL,NULL,MLI,ML,Mali
Bamako,12.65001467,-8.000039105,MINUSMA,Mission Deployment,MINUSMA HQ,1,NULL,NULL,NULL,NULL,NULL,NULL,NULL,MLI,ML,Mali
Bamako,12.65,-7.9999999,MINUSMA,Mission Deployment,MINUSMA HQ,1,NULL,NULL,NULL,NULL,NULL,NULL,NULL,MLI,ML,Mali
Lere,15.739,-4.77,MINUSMA,Mission Deployment,MINUSMA HQ,1,NULL,NULL,NULL,NULL,NULL,NULL,NULL,MLI,ML,Mali
Mopti,14.5,-4.1999999,MINUSMA,Mission Deployment,MINUSMA HQ,1,NULL,NULL,NULL,NULL,NULL,NULL,NULL,MLI,ML,Mali
Goundam,16.4166667,-3.6666666,MINUSMA,Mission Deployment,MINUSMA HQ,1,NULL,NULL,NULL,NULL,NULL,NULL,NULL,MLI,ML,Mali
Timbuktu,16.7666667,-3.0166666,MINUSMA,Mission Deployment,MINUSMA HQ,1,NULL,NULL,NULL,NULL,NULL,NULL,NULL,MLI,ML,Mali
Duentza,15,-2.9499999,MINUSMA,Mission Deployment,MINUSMA HQ,1,NULL,NULL,NULL,NULL,NULL,NULL,NULL,MLI,ML,Mali
Ber,16.8330556,-2.5288888,MINUSMA,Mission Deployment,MINUSMA HQ,1,NULL,NULL,NULL,NULL,NULL,NULL,NULL,MLI,ML,Mali
Gossi,15.8227778,-1.2972221,MINUSMA,Mission Deployment,MINUSMA HQ,1,NULL,NULL,NULL,NULL,NULL,NULL,NULL,MLI,ML,Mali
Likrakar,17.6252778,-0.0794443,MINUSMA,Mission Deployment,MINUSMA HQ,1,NULL,NULL,NULL,NULL,NULL,NULL,NULL,MLI,ML,Mali
Gao,16.2716667,-0.0447221,MINUSMA,Mission Deployment,MINUSMA HQ,1,NULL,NULL,NULL,NULL,NULL,NULL,NULL,MLI,ML,Mali
Ansongo,15.6594444,0.5016667,MINUSMA,Mission Deployment,MINUSMA HQ,1,NULL,NULL,NULL,NULL,NULL,NULL,NULL,MLI,ML,Mali
Anefis,18.04,0.6011111,MINUSMA,Mission Deployment,MINUSMA HQ,1,NULL,NULL,NULL,NULL,NULL,NULL,NULL,MLI,ML,Mali
Aguelhok',19.6,0.8588889,MINUSMA,Mission Deployment,MINUSMA HQ,1,NULL,NULL,NULL,NULL,NULL,NULL,NULL,MLI,ML,Mali
Tessalit'',20.1,1.0113889,MINUSMA,Mission Deployment,MINUSMA HQ,1,NULL,NULL,NULL,NULL,NULL,NULL,NULL,MLI,ML,Mali
Sevare',18.4411111,1.4077778,MINUSMA,Mission Deployment,MINUSMA HQ,1,NULL,NULL,NULL,NULL,NULL,NULL,NULL,MLI,ML,Mali
Menaka,15.9166667,2.4,MINUSMA,Mission Deployment,MINUSMA HQ,1,NULL,NULL,NULL,NULL,NULL,NULL,NULL,MLI,ML,Mali
Diabaly Boni,NULL,NULL,MINUSMA,Mission Deployment,MINUSMA HQ,1,NULL,NULL,NULL,NULL,NULL,NULL,NULL,MLI,ML,Mali
